{"train/loss": 0.0149, "train/learning_rate": 1e-05, "train/epoch": 3.78, "train/global_step": 140, "_timestamp": 1677006572.139624, "_runtime": 690.5028131008148, "_step": 13}